{
  "best_model": "Linear Regression",
  "training_date": "2025-12-11T01:22:31.694420",
  "training_samples": 800,
  "test_samples": 200,
  "features": 12,
  "models": {
    "Linear Regression": {
      "train_rmse": 0.009753510103024917,
      "test_rmse": 0.01001587996220742,
      "train_r2": 0.7724219648316041,
      "test_r2": 0.7592084651932145,
      "train_mae": 0.007790853083272386,
      "test_mae": 0.007873284574638692,
      "train_mape": 0.2499196465056771,
      "test_mape": 0.2857368534708378,
      "cv_mean": 0.7649590274162325,
      "cv_std": 0.003502803472674456
    },
    "Ridge Regression": {
      "train_rmse": 0.009753535135393357,
      "test_rmse": 0.010016405464089512,
      "train_r2": 0.7724207966727616,
      "test_r2": 0.759183197373573,
      "train_mae": 0.007790841660096213,
      "test_mae": 0.007874373460819498,
      "train_mape": 0.2500071297386019,
      "test_mape": 0.2859324087400107,
      "cv_mean": 0.7649689117914695,
      "cv_std": 0.003566245829562737
    },
    "Lasso Regression": {
      "train_rmse": 0.01587869672647114,
      "test_rmse": 0.015947951484178637,
      "train_r2": 0.39683216315731007,
      "test_r2": 0.389518082606356,
      "train_mae": 0.013036491874140235,
      "test_mae": 0.01292703073136085,
      "train_mape": 0.4977148267697126,
      "test_mape": 0.5352647986305699,
      "cv_mean": 0.3923230202413321,
      "cv_std": 0.018039129309360614
    },
    "Random Forest": {
      "train_rmse": 0.004017891991541752,
      "test_rmse": 0.011092291524828511,
      "train_r2": 0.9613806479419021,
      "test_r2": 0.7046713752005689,
      "train_mae": 0.0031734880870519394,
      "test_mae": 0.008889190425773902,
      "train_mape": 0.10028982235655434,
      "test_mape": 0.3209057759047451,
      "cv_mean": 0.7239611617531689,
      "cv_std": 0.0175198908245399
    },
    "Gradient Boosting": {
      "train_rmse": 0.006776828319178264,
      "test_rmse": 0.010707844660159865,
      "train_r2": 0.8901344752486717,
      "test_r2": 0.7247881578202008,
      "train_mae": 0.005462395286997319,
      "test_mae": 0.00865164422665421,
      "train_mape": 0.17561998787955674,
      "test_mape": 0.31158971265318164,
      "cv_mean": 0.7314733022630162,
      "cv_std": 0.01683961233808776
    }
  },
  "feature_importance": {
    "air_temp_c": 0.7933386364930712,
    "solar_radiation_mj_m2_day": 0.2685962416463287,
    "relative_humidity_pct": -0.23934729599527996,
    "precipitation_mm": -0.1098230997740897,
    "water_temp_c": 0.07630264176641666,
    "day_of_year": 0.06520196567375548,
    "surface_area_ha": 0.06224516762228193,
    "atm_pressure_kpa": -0.04162278358703131,
    "wind_speed_ms": 0.03365140874860531,
    "cloud_cover_pct": 0.022339004499285865,
    "depth_m": -0.011442235524483703,
    "dew_point_c": -0.004685093804391681
  }
}